<?xml version="1.0" encoding='UTF-8'?>
<?xml-stylesheet type="text/xsl" href="vizualizacija.xslt"?>
<Invoice xmlns="urn:eslog:2.00"
	xmlns:xsi="http://www.w3.org/2001/XMLSchema-instance">
	<M_INVOIC Id="data">
		<S_UNH>
			<D_0062>TOSL110</D_0062>
			<C_S009>
				<D_0065>INVOIC</D_0065>
				<D_0052>D</D_0052>
				<D_0054>01B</D_0054>
				<D_0051>UN</D_0051>
			</C_S009>
		</S_UNH>
		<S_BGM>
			<C_C002>
				<D_1001>380</D_1001>
			</C_C002>
			<C_C106>
				<D_1004>TOSL110</D_1004>
			</C_C106>
		</S_BGM>
		<S_DTM>
			<C_C507>
				<D_2005>137</D_2005>
				<D_2380>2013-04-10</D_2380>
			</C_C507>
		</S_DTM>
		<S_DTM>
			<C_C507>
				<D_2005>131</D_2005>
				<D_2380>2013-04-10</D_2380>
			</C_C507>
		</S_DTM>
		<S_DTM>
			<C_C507>
				<D_2005>35</D_2005>
			</C_C507>
		</S_DTM>
		<S_DTM>
			<C_C507>
				<D_2005>35</D_2005>
				<D_2380>2013-04-15</D_2380>
			</C_C507>
		</S_DTM>
		<S_DTM>
			<C_C507>
				<D_2005>167</D_2005>
				<D_2380>2013-03-10</D_2380>
			</C_C507>
		</S_DTM>
		<S_DTM>
			<C_C507>
				<D_2005>168</D_2005>
				<D_2380>2013-04-10</D_2380>
			</C_C507>
		</S_DTM>
		<S_FTX>
			<D_4451>AAB</D_4451>
			<C_C108>
				<D_4440>50% prepaid, 50% within one month</D_4440>
				<D_4440_2>Additional text line 2</D_4440_2>
				<D_4440_3>Additional text line 3</D_4440_3>
				<D_4440_4>Additional text line 4</D_4440_4>
				<D_4440_5>Additional text line 5</D_4440_5>
			</C_C108>
		</S_FTX>
		<S_FTX>
			<D_4451>REG</D_4451>
			<C_C108>
				<D_4440>Export</D_4440>
			</C_C108>
		</S_FTX>
		<S_FTX>
			<D_4451>GEN</D_4451>
			<C_C108>
				<D_4440>Ordered through our website</D_4440>
			</C_C108>
		</S_FTX>
		<S_FTX>
			<D_4451>DOC</D_4451>
			<C_C107>
				<D_4441>P1</D_4441>
			</C_C107>
			<C_C108>
				<D_4440>urn:cen.eu:en16931:2017</D_4440>
			</C_C108>
		</S_FTX>
		<S_FTX>
			<D_4451>AAT</D_4451>
			<C_C108>
				<D_4440>Half prepaid</D_4440>
			</C_C108>
		</S_FTX>
		<S_FTX>
			<D_4451>AGM</D_4451>
			<C_C108>
				<D_4440>Exempt New Means of Transport</D_4440>
			</C_C108>
		</S_FTX>
		<S_FTX>
			<D_4451>PMD</D_4451>
			<C_C108>
				<D_4440>TOSL110</D_4440>
			</C_C108>
		</S_FTX>
		<S_FTX>
			<D_4451>TXD</D_4451>
			<C_C108>
				<D_4440>2013-04-10T15:03:50</D_4440>
				<D_4440_2>PRODAJALEC1</D_4440_2>
				<D_4440_3>56dcaf93-933a-497d-b864-0ba1e8f4fa23</D_4440_3>
				<D_4440_4>8402f0a963e37b2258e034fc8ae7ffc1</D_4440_4>
				<D_4440_5>279042272585972554922067893753871413584876543211601021503002</D_4440_5>
			</C_C108>
		</S_FTX>
		<S_FTX>
			<D_4451>PAI</D_4451>
			<C_C108>
				<D_4440>0</D_4440>
			</C_C108>
		</S_FTX>
		<S_FTX>
			<D_4451>ALQ</D_4451>
			<C_C108>
				<D_4440>OTHR</D_4440>
			</C_C108>
		</S_FTX>
		<G_SG1>
			<S_RFF>
				<C_C506>
					<D_1153>AEP</D_1153>
					<D_1154>Project345</D_1154>
				</C_C506>
			</S_RFF>
		</G_SG1>
		<G_SG1>
			<S_RFF>
				<C_C506>
					<D_1153>CT</D_1153>
					<D_1154>2013-05</D_1154>
				</C_C506>
			</S_RFF>
		</G_SG1>
		<G_SG1>
			<S_RFF>
				<C_C506>
					<D_1153>ON</D_1153>
					<D_1154>PO4711</D_1154>
				</C_C506>
			</S_RFF>
		</G_SG1>
		<G_SG1>
			<S_RFF>
				<C_C506>
					<D_1153>VN</D_1153>
					<D_1154>123</D_1154>
				</C_C506>
			</S_RFF>
		</G_SG1>
		<G_SG1>
			<S_RFF>
				<C_C506>
					<D_1153>ALO</D_1153>
					<D_1154>3544</D_1154>
				</C_C506>
			</S_RFF>
		</G_SG1>
		<G_SG1>
			<S_RFF>
				<C_C506>
					<D_1153>AAK</D_1153>
					<D_1154>5433</D_1154>
				</C_C506>
			</S_RFF>
		</G_SG1>
		<G_SG1>
			<S_RFF>
				<C_C506>
					<D_1153>GC</D_1153>
					<D_1154>Lot567</D_1154>
				</C_C506>
			</S_RFF>
		</G_SG1>
		<G_SG1>
			<S_RFF>
				<C_C506>
					<D_1153>ATS</D_1153>
					<D_1154>OBJ999</D_1154>
				</C_C506>
			</S_RFF>
		</G_SG1>
		<G_SG1>
			<S_RFF>
				<C_C506>
					<D_1153>OI</D_1153>
					<D_1154>TOSL109</D_1154>
				</C_C506>
			</S_RFF>
			<S_DTM>
				<C_C507>
					<D_2005>384</D_2005>
					<D_2380>2013-03-10</D_2380>
				</C_C507>
			</S_DTM>
		</G_SG1>
		<G_SG1>
			<S_RFF>
				<C_C506>
					<D_1153>PQ</D_1153>
					<D_1154>Payref1</D_1154>
				</C_C506>
			</S_RFF>
		</G_SG1>
		<G_SG2>
			<S_NAD>
				<D_3035>BY</D_3035>
				<C_C082>
					<D_3039>5790000436057</D_3039>
					<D_1131>0088</D_1131>
				</C_C082>
				<C_C080>
					<D_3036>BuyerCompany ltd</D_3036>
					<D_3036_2>Buyco</D_3036_2>
				</C_C080>
				<C_C059>
					<D_3042>Anystreet, Building 1</D_3042>
					<D_3042_2>5th floor</D_3042_2>
					<D_3042_3>5th door</D_3042_3>
				</C_C059>
				<D_3164>Anytown</D_3164>
				<C_C819>
					<D_3228>Jutland</D_3228>
				</C_C819>
				<D_3251>101</D_3251>
				<D_3207>DK</D_3207>
			</S_NAD>
			<S_FII>
				<D_3035>PB</D_3035>
				<C_C078>
					<D_3194>510510******5100</D_3194>
					<D_3192>John hansen</D_3192>
				</C_C078>
			</S_FII>
			<S_FII>
				<D_3035>BI</D_3035>
				<C_C078>
					<D_3194>DK1212341234123412</D_3194>
				</C_C078>
			</S_FII>
			<S_FII>
				<D_3035>BB</D_3035>
				<C_C078>
					<D_3194>DK1212341234123412</D_3194>
					<D_3192>BuyerCompany ltd</D_3192>
				</C_C078>
				<C_C088>
					<D_3433>DNBANOKK</D_3433>
				</C_C088>
			</S_FII>
			<G_SG3>
				<S_RFF>
					<C_C506>
						<D_1153>CR</D_1153>
						<D_1154>qwerty</D_1154>
					</C_C506>
				</S_RFF>
			</G_SG3>
			<G_SG3>
				<S_RFF>
					<C_C506>
						<D_1153>AOU</D_1153>
						<D_1154>67543</D_1154>
					</C_C506>
				</S_RFF>
			</G_SG3>
			<G_SG3>
				<S_RFF>
					<C_C506>
						<D_1153>0199</D_1153>
						<D_1154>DK16356607</D_1154>
					</C_C506>
				</S_RFF>
			</G_SG3>
			<G_SG3>
				<S_RFF>
					<C_C506>
						<D_1153>VA</D_1153>
						<D_1154>DK16356607</D_1154>
					</C_C506>
				</S_RFF>
			</G_SG3>
			<G_SG3>
				<S_RFF>
					<C_C506>
						<D_1153>AHP</D_1153>
						<D_1154>DK16356607</D_1154>
					</C_C506>
				</S_RFF>
			</G_SG3>
			<G_SG3>
				<S_RFF>
					<C_C506>
						<D_1153>AVS</D_1153>
						<D_1154>123456</D_1154>
					</C_C506>
				</S_RFF>
			</G_SG3>
			<G_SG3>
				<S_RFF>
					<C_C506>
						<D_1153>AII</D_1153>
						<D_1154>DK5678</D_1154>
					</C_C506>
				</S_RFF>
			</G_SG3>
			<G_SG5>
				<S_CTA>
					<D_3139>IC</D_3139>
				</S_CTA>
				<S_COM>
					<C_C076>
						<D_3148>info@buyercompany.dk</D_3148>
						<D_3155>EM</D_3155>
					</C_C076>
				</S_COM>
			</G_SG5>
			<G_SG5>
				<S_CTA>
					<D_3139>PD</D_3139>
					<C_C056>
						<D_3412>John Hansen</D_3412>
					</C_C056>
				</S_CTA>
				<S_COM>
					<C_C076>
						<D_3148>info@buyercompany.dk</D_3148>
						<D_3155>EM</D_3155>
					</C_C076>
				</S_COM>
				<S_COM>
					<C_C076>
						<D_3148>4598989898</D_3148>
						<D_3155>TE</D_3155>
					</C_C076>
				</S_COM>
			</G_SG5>
		</G_SG2>
		<G_SG2>
			<S_NAD>
				<D_3035>SE</D_3035>
				<C_C082>
					<D_3039>5790000434101</D_3039>
					<D_1131>0088</D_1131>
				</C_C082>
				<C_C080>
					<D_3036>SellerCompany</D_3036>
					<D_3036_2>SelCo</D_3036_2>
				</C_C080>
				<C_C059>
					<D_3042>Hoofdstraat 4</D_3042>
					<D_3042_2>Om de hoek</D_3042_2>
					<D_3042_3>Om de hoek 2</D_3042_3>
				</C_C059>
				<D_3164>Grootstad</D_3164>
				<C_C819>
					<D_3228>Overijssel</D_3228>
				</C_C819>
				<D_3251>54321</D_3251>
				<D_3207>NL</D_3207>
			</S_NAD>
			<S_FII>
				<D_3035>RB</D_3035>
				<C_C078>
					<D_3194>DK1212341234123412</D_3194>
					<D_3192>SellerCompany</D_3192>
				</C_C078>
				<C_C088>
					<D_3433>DNBANOKK</D_3433>
				</C_C088>
			</S_FII>
			<G_SG3>
				<S_RFF>
					<C_C506>
						<D_1153>0199</D_1153>
						<D_1154>NL16356706</D_1154>
					</C_C506>
				</S_RFF>
			</G_SG3>
			<G_SG3>
				<S_RFF>
					<C_C506>
						<D_1153>VA</D_1153>
						<D_1154>NL16356706</D_1154>
					</C_C506>
				</S_RFF>
			</G_SG3>
			<G_SG3>
				<S_RFF>
					<C_C506>
						<D_1153>AHP</D_1153>
						<D_1154>NL16356706</D_1154>
					</C_C506>
				</S_RFF>
			</G_SG3>
			<G_SG5>
				<S_CTA>
					<D_3139>IC</D_3139>
				</S_CTA>
				<S_COM>
					<C_C076>
						<D_3148>info@selco.nl</D_3148>
						<D_3155>EM</D_3155>
					</C_C076>
				</S_COM>
			</G_SG5>
			<G_SG5>
				<S_CTA>
					<D_3139>SU</D_3139>
					<C_C056>
						<D_3412>Anthon Larsen</D_3412>
					</C_C056>
				</S_CTA>
				<S_COM>
					<C_C076>
						<D_3148>3198989898</D_3148>
						<D_3155>TE</D_3155>
					</C_C076>
				</S_COM>
				<S_COM>
					<C_C076>
						<D_3148>anthon@selco.nl</D_3148>
						<D_3155>EM</D_3155>
					</C_C076>
				</S_COM>
			</G_SG5>
		</G_SG2>
		<G_SG2>
			<S_NAD>
				<D_3035>PE</D_3035>
				<C_C082>
					<D_3039>DK16356608</D_3039>
				</C_C082>
				<C_C080>
					<D_3036>Dagober Duck</D_3036>
				</C_C080>
			</S_NAD>
			<G_SG3>
				<S_RFF>
					<C_C506>
						<D_1153>0199</D_1153>
						<D_1154>DK16356608&apos;</D_1154>
					</C_C506>
				</S_RFF>
			</G_SG3>
		</G_SG2>
		<G_SG2>
			<S_NAD>
				<D_3035>DP</D_3035>
				<C_C082>
					<D_3039>579000436068</D_3039>
					<D_1131>0088</D_1131>
				</C_C082>
				<C_C080>
					<D_3036>Logistic service ltd</D_3036>
				</C_C080>
				<C_C059>
					<D_3042>Delivery street</D_3042>
					<D_3042_2>Gate 15</D_3042_2>
					<D_3042_3>Floor 2</D_3042_3>
				</C_C059>
				<D_3164>Delivery city</D_3164>
				<C_C819>
					<D_3228>Jutland</D_3228>
				</C_C819>
				<D_3251>9000</D_3251>
				<D_3207>DK</D_3207>
			</S_NAD>
		</G_SG2>
		<G_SG2>
			<S_NAD>
				<D_3035>LC</D_3035>
				<C_C080>
					<D_3036>Dick Panama</D_3036>
				</C_C080>
				<C_C059>
					<D_3042>AnyStreet, buliding 1</D_3042>
					<D_3042_2>6th floor</D_3042_2>
					<D_3042_3>6th door</D_3042_3>
				</C_C059>
				<D_3164>Anytown</D_3164>
				<C_C819>
					<D_3228>Jutland</D_3228>
				</C_C819>
				<D_3251>101</D_3251>
				<D_3207>DK</D_3207>
			</S_NAD>
			<G_SG3>
				<S_RFF>
					<C_C506>
						<D_1153>VA</D_1153>
						<D_1154>DK16356609</D_1154>
					</C_C506>
				</S_RFF>
			</G_SG3>
		</G_SG2>
		<G_SG7>
			<S_CUX>
				<C_C504>
					<D_6347>2</D_6347>
					<D_6345>DKK</D_6345>
				</C_C504>
			</S_CUX>
		</G_SG7>
		<G_SG7>
			<S_CUX>
				<C_C504>
					<D_6347>6</D_6347>
					<D_6345>EUR</D_6345>
				</C_C504>
			</S_CUX>
		</G_SG7>
		<G_SG8>
			<S_PAT>
				<D_4279>1</D_4279>
			</S_PAT>
			<S_DTM>
				<C_C507>
					<D_2005>13</D_2005>
					<D_2380>2013-05-10</D_2380>
				</C_C507>
			</S_DTM>
			<S_PAI>
				<C_C534>
					<D_4461>30</D_4461>
				</C_C534>
			</S_PAI>
		</G_SG8>
		<G_SG16>
			<S_ALC>
				<D_5463>A</D_5463>
				<C_C552>
					<D_1230>Loyal customer</D_1230>
					<D_5189>42</D_5189>
				</C_C552>
			</S_ALC>
			<G_SG19>
				<S_PCD>
					<C_C501>
						<D_5245>1</D_5245>
						<D_5482>10</D_5482>
					</C_C501>
				</S_PCD>
			</G_SG19>
			<G_SG20>
				<S_MOA>
					<C_C516>
						<D_5025>204</D_5025>
						<D_5004>150.00</D_5004>
					</C_C516>
				</S_MOA>
			</G_SG20>
			<G_SG20>
				<S_MOA>
					<C_C516>
						<D_5025>25</D_5025>
						<D_5004>1500.00</D_5004>
					</C_C516>
				</S_MOA>
			</G_SG20>
			<G_SG22>
				<S_TAX>
					<D_5283>7</D_5283>
					<C_C241>
						<D_5153>VAT</D_5153>
					</C_C241>
					<C_C243>
						<D_5278>25</D_5278>
					</C_C243>
					<D_5305>S</D_5305>
				</S_TAX>
			</G_SG22>
		</G_SG16>
		<G_SG16>
			<S_ALC>
				<D_5463>C</D_5463>
				<C_C552>
					<D_1230>Packaging</D_1230>
				</C_C552>
				<C_C214>
					<D_7161>ABL</D_7161>
				</C_C214>
			</S_ALC>
			<G_SG19>
				<S_PCD>
					<C_C501>
						<D_5245>2</D_5245>
						<D_5482>10</D_5482>
					</C_C501>
				</S_PCD>
			</G_SG19>
			<G_SG20>
				<S_MOA>
					<C_C516>
						<D_5025>23</D_5025>
						<D_5004>150.00</D_5004>
					</C_C516>
				</S_MOA>
			</G_SG20>
			<G_SG20>
				<S_MOA>
					<C_C516>
						<D_5025>25</D_5025>
						<D_5004>1500.00</D_5004>
					</C_C516>
				</S_MOA>
			</G_SG20>
			<G_SG22>
				<S_TAX>
					<D_5283>7</D_5283>
					<C_C241>
						<D_5153>VAT</D_5153>
					</C_C241>
					<C_C243>
						<D_5278>25</D_5278>
					</C_C243>
					<D_5305>S</D_5305>
				</S_TAX>
			</G_SG22>
		</G_SG16>
		<G_SG26>
			<S_LIN>
				<D_1082>1</D_1082>
				<C_C212>
					<D_7140>1234567890128</D_7140>
					<D_7143>0160</D_7143>
				</C_C212>
			</S_LIN>
			<S_PIA>
				<D_4347>5</D_4347>
				<C_C212>
					<D_7140>JB007</D_7140>
					<D_7143>SA</D_7143>
				</C_C212>
			</S_PIA>
			<S_PIA>
				<D_4347>5</D_4347>
				<C_C212>
					<D_7140>BUY123</D_7140>
					<D_7143>IN</D_7143>
				</C_C212>
			</S_PIA>
			<S_PIA>
				<D_4347>1</D_4347>
				<C_C212>
					<D_7140>123444321</D_7140>
					<D_7143>ZZZ</D_7143>
				</C_C212>
			</S_PIA>
			<S_IMD>
				<D_7077>F</D_7077>
				<C_C273>
					<D_7008>Printing paper</D_7008>
				</C_C273>
			</S_IMD>
			<S_IMD>
				<D_7077>A</D_7077>
				<C_C273>
					<D_7008>printing paper, 2mm</D_7008>
				</C_C273>
			</S_IMD>
			<S_QTY>
				<C_C186>
					<D_6063>47</D_6063>
					<D_6060>1000</D_6060>
					<D_6411>C62</D_6411>
				</C_C186>
			</S_QTY>
			<S_ALI>
				<D_3239>NL</D_3239>
			</S_ALI>
			<S_DTM>
				<C_C507>
					<D_2005>167</D_2005>
					<D_2380>2013-03-10</D_2380>
				</C_C507>
			</S_DTM>
			<S_DTM>
				<C_C507>
					<D_2005>168</D_2005>
					<D_2380>2013-04-10</D_2380>
				</C_C507>
			</S_DTM>
			<S_FTX>
				<D_4451>ACB</D_4451>
				<C_C108>
					<D_4440>first line</D_4440>
				</C_C108>
			</S_FTX>
			<S_FTX>
				<D_4451>ACF</D_4451>
				<C_C108>
					<D_4440>Thickness</D_4440>
					<D_4440_2>2 mm</D_4440_2>
				</C_C108>
			</S_FTX>
			<G_SG27>
				<S_MOA>
					<C_C516>
						<D_5025>203</D_5025>
						<D_5004>1000.00</D_5004>
					</C_C516>
				</S_MOA>
			</G_SG27>
			<G_SG27>
				<S_MOA>
					<C_C516>
						<D_5025>38</D_5025>
						<D_5004>1250.00</D_5004>
					</C_C516>
				</S_MOA>
			</G_SG27>
			<G_SG29>
				<S_PRI>
					<C_C509>
						<D_5125>AAA</D_5125>
						<D_5118>1.0000</D_5118>
						<D_5284>1</D_5284>
						<D_6411>C62</D_6411>
					</C_C509>
				</S_PRI>
			</G_SG29>
			<G_SG29>
				<S_PRI>
					<C_C509>
						<D_5125>AAB</D_5125>
						<D_5118>1.1000</D_5118>
						<D_5284>1</D_5284>
						<D_6411>C62</D_6411>
					</C_C509>
				</S_PRI>
			</G_SG29>
			<G_SG30>
				<S_RFF>
					<C_C506>
						<D_1153>AVE</D_1153>
						<D_1154>Object 2</D_1154>
					</C_C506>
				</S_RFF>
			</G_SG30>
			<G_SG30>
				<S_RFF>
					<C_C506>
						<D_1153>ON</D_1153>
						<D_1156>1</D_1156>
					</C_C506>
				</S_RFF>
			</G_SG30>
			<G_SG30>
				<S_RFF>
					<C_C506>
						<D_1153>AWQ</D_1153>
						<D_1154>ACC7654</D_1154>
					</C_C506>
				</S_RFF>
			</G_SG30>
			<G_SG34>
				<S_TAX>
					<D_5283>7</D_5283>
					<C_C241>
						<D_5153>VAT</D_5153>
					</C_C241>
					<C_C243>
						<D_5278>25</D_5278>
					</C_C243>
					<D_5305>S</D_5305>
				</S_TAX>
				<S_MOA>
					<C_C516>
						<D_5025>125</D_5025>
						<D_5004>1000.00</D_5004>
					</C_C516>
				</S_MOA>
				<S_MOA>
					<C_C516>
						<D_5025>124</D_5025>
						<D_5004>250.00</D_5004>
					</C_C516>
				</S_MOA>
			</G_SG34>
			<G_SG39>
				<S_ALC>
					<D_5463>A</D_5463>
					<C_C552>
						<D_1230>Loyal customer</D_1230>
						<D_5189>95</D_5189>
					</C_C552>
				</S_ALC>
				<G_SG41>
					<S_PCD>
						<C_C501>
							<D_5245>1</D_5245>
							<D_5482>10</D_5482>
						</C_C501>
					</S_PCD>
				</G_SG41>
				<G_SG42>
					<S_MOA>
						<C_C516>
							<D_5025>204</D_5025>
							<D_5004>100.00</D_5004>
						</C_C516>
					</S_MOA>
				</G_SG42>
				<G_SG42>
					<S_MOA>
						<C_C516>
							<D_5025>25</D_5025>
							<D_5004>1000.00</D_5004>
						</C_C516>
					</S_MOA>
				</G_SG42>
			</G_SG39>
			<G_SG39>
				<S_ALC>
					<D_5463>A</D_5463>
				</S_ALC>
				<G_SG42>
					<S_MOA>
						<C_C516>
							<D_5025>509</D_5025>
							<D_5004>0.1000</D_5004>
						</C_C516>
					</S_MOA>
				</G_SG42>
			</G_SG39>
			<G_SG39>
				<S_ALC>
					<D_5463>C</D_5463>
					<C_C552>
						<D_1230>Packaging</D_1230>
					</C_C552>
					<C_C214>
						<D_7161>ABL</D_7161>
					</C_C214>
				</S_ALC>
				<G_SG41>
					<S_PCD>
						<C_C501>
							<D_5245>2</D_5245>
							<D_5482>10</D_5482>
						</C_C501>
					</S_PCD>
				</G_SG41>
				<G_SG42>
					<S_MOA>
						<C_C516>
							<D_5025>23</D_5025>
							<D_5004>100.00</D_5004>
						</C_C516>
					</S_MOA>
				</G_SG42>
				<G_SG42>
					<S_MOA>
						<C_C516>
							<D_5025>25</D_5025>
							<D_5004>1000.00</D_5004>
						</C_C516>
					</S_MOA>
				</G_SG42>
			</G_SG39>
		</G_SG26>
		<G_SG26>
			<S_LIN>
				<D_1082>2</D_1082>
			</S_LIN>
			<S_PIA>
				<D_4347>5</D_4347>
				<C_C212>
					<D_7140>JB008</D_7140>
					<D_7143>SA</D_7143>
				</C_C212>
			</S_PIA>
			<S_IMD>
				<D_7077>F</D_7077>
				<C_C273>
					<D_7008>Parker Pen</D_7008>
				</C_C273>
			</S_IMD>
			<S_IMD>
				<D_7077>A</D_7077>
				<C_C273>
					<D_7008>Perker Pen, Black, model Sansa</D_7008>
				</C_C273>
			</S_IMD>
			<S_QTY>
				<C_C186>
					<D_6063>47</D_6063>
					<D_6060>100</D_6060>
					<D_6411>C62</D_6411>
				</C_C186>
			</S_QTY>
			<S_ALI>
				<D_3239>NL</D_3239>
			</S_ALI>
			<S_DTM>
				<C_C507>
					<D_2005>167</D_2005>
					<D_2380>2013-03-10</D_2380>
				</C_C507>
			</S_DTM>
			<S_DTM>
				<C_C507>
					<D_2005>168</D_2005>
					<D_2380>2013-04-10</D_2380>
				</C_C507>
			</S_DTM>
			<S_FTX>
				<D_4451>ACB</D_4451>
				<C_C108>
					<D_4440>Second line</D_4440>
				</C_C108>
			</S_FTX>
			<G_SG27>
				<S_MOA>
					<C_C516>
						<D_5025>203</D_5025>
						<D_5004>500.00</D_5004>
					</C_C516>
				</S_MOA>
			</G_SG27>
			<G_SG27>
				<S_MOA>
					<C_C516>
						<D_5025>38</D_5025>
						<D_5004>625.00</D_5004>
					</C_C516>
				</S_MOA>
			</G_SG27>
			<G_SG29>
				<S_PRI>
					<C_C509>
						<D_5125>AAA</D_5125>
						<D_5118>5.0000</D_5118>
					</C_C509>
				</S_PRI>
			</G_SG29>
			<G_SG30>
				<S_RFF>
					<C_C506>
						<D_1153>AVE</D_1153>
						<D_1154>Object 2</D_1154>
					</C_C506>
				</S_RFF>
			</G_SG30>
			<G_SG30>
				<S_RFF>
					<C_C506>
						<D_1153>ON</D_1153>
						<D_1156>2</D_1156>
					</C_C506>
				</S_RFF>
			</G_SG30>
			<G_SG30>
				<S_RFF>
					<C_C506>
						<D_1153>AWQ</D_1153>
						<D_1154>ACC7654</D_1154>
					</C_C506>
				</S_RFF>
			</G_SG30>
			<G_SG34>
				<S_TAX>
					<D_5283>7</D_5283>
					<C_C241>
						<D_5153>VAT</D_5153>
					</C_C241>
					<C_C243>
						<D_5278>25</D_5278>
					</C_C243>
					<D_5305>S</D_5305>
				</S_TAX>
				<S_MOA>
					<C_C516>
						<D_5025>125</D_5025>
						<D_5004>500.00</D_5004>
					</C_C516>
				</S_MOA>
				<S_MOA>
					<C_C516>
						<D_5025>124</D_5025>
						<D_5004>125.00</D_5004>
					</C_C516>
				</S_MOA>
			</G_SG34>
		</G_SG26>
		<G_SG26>
			<S_LIN>
				<D_1082>3</D_1082>
			</S_LIN>
			<S_PIA>
				<D_4347>5</D_4347>
				<C_C212>
					<D_7140>JB009</D_7140>
					<D_7143>SA</D_7143>
				</C_C212>
			</S_PIA>
			<S_IMD>
				<D_7077>F</D_7077>
				<C_C273>
					<D_7008>American Cookies</D_7008>
				</C_C273>
			</S_IMD>
			<S_QTY>
				<C_C186>
					<D_6063>47</D_6063>
					<D_6060>500</D_6060>
					<D_6411>C62</D_6411>
				</C_C186>
			</S_QTY>
			<G_SG27>
				<S_MOA>
					<C_C516>
						<D_5025>203</D_5025>
						<D_5004>2500.00</D_5004>
					</C_C516>
				</S_MOA>
			</G_SG27>
			<G_SG27>
				<S_MOA>
					<C_C516>
						<D_5025>38</D_5025>
						<D_5004>2800.00</D_5004>
					</C_C516>
				</S_MOA>
			</G_SG27>
			<G_SG29>
				<S_PRI>
					<C_C509>
						<D_5125>AAA</D_5125>
						<D_5118>5.0000</D_5118>
					</C_C509>
				</S_PRI>
			</G_SG29>
			<G_SG34>
				<S_TAX>
					<D_5283>7</D_5283>
					<C_C241>
						<D_5153>VAT</D_5153>
					</C_C241>
					<C_C243>
						<D_5278>12</D_5278>
					</C_C243>
					<D_5305>S</D_5305>
				</S_TAX>
				<S_MOA>
					<C_C516>
						<D_5025>125</D_5025>
						<D_5004>2500.00</D_5004>
					</C_C516>
				</S_MOA>
				<S_MOA>
					<C_C516>
						<D_5025>124</D_5025>
						<D_5004>300.00</D_5004>
					</C_C516>
				</S_MOA>
			</G_SG34>
		</G_SG26>
		<S_UNS>
			<D_0081>D</D_0081>
		</S_UNS>
		<G_SG50>
			<S_MOA>
				<C_C516>
					<D_5025>79</D_5025>
					<D_5004>4000.00</D_5004>
				</C_C516>
			</S_MOA>
		</G_SG50>
		<G_SG50>
			<S_MOA>
				<C_C516>
					<D_5025>389</D_5025>
					<D_5004>4000.00</D_5004>
				</C_C516>
			</S_MOA>
		</G_SG50>
		<G_SG50>
			<S_MOA>
				<C_C516>
					<D_5025>388</D_5025>
					<D_5004>4675.00</D_5004>
				</C_C516>
			</S_MOA>
		</G_SG50>
		<G_SG50>
			<S_MOA>
				<C_C516>
					<D_5025>9</D_5025>
					<D_5004>2337.50</D_5004>
				</C_C516>
			</S_MOA>
		</G_SG50>
		<G_SG50>
			<S_MOA>
				<C_C516>
					<D_5025>260</D_5025>
					<D_5004>150.00</D_5004>
				</C_C516>
			</S_MOA>
		</G_SG50>
		<G_SG50>
			<S_MOA>
				<C_C516>
					<D_5025>259</D_5025>
					<D_5004>150.00</D_5004>
				</C_C516>
			</S_MOA>
		</G_SG50>
		<G_SG50>
			<S_MOA>
				<C_C516>
					<D_5025>2</D_5025>
					<D_5004>628.62</D_5004>
				</C_C516>
			</S_MOA>
		</G_SG50>
		<G_SG50>
			<S_MOA>
				<C_C516>
					<D_5025>113</D_5025>
					<D_5004>2337.50</D_5004>
				</C_C516>
			</S_MOA>
		</G_SG50>
		<G_SG50>
			<S_MOA>
				<C_C516>
					<D_5025>366</D_5025>
					<D_5004>0</D_5004>
				</C_C516>
			</S_MOA>
		</G_SG50>
		<G_SG50>
			<S_MOA>
				<C_C516>
					<D_5025>176</D_5025>
					<D_5004>675.00</D_5004>
				</C_C516>
			</S_MOA>
		</G_SG50>
		<G_SG52>
			<S_TAX>
				<D_5283>7</D_5283>
				<C_C241>
					<D_5153>VAT</D_5153>
				</C_C241>
				<C_C243>
					<D_5278>25</D_5278>
				</C_C243>
				<D_5305>S</D_5305>
			</S_TAX>
			<S_MOA>
				<C_C516>
					<D_5025>125</D_5025>
					<D_5004>1500.00</D_5004>
				</C_C516>
			</S_MOA>
			<S_MOA>
				<C_C516>
					<D_5025>124</D_5025>
					<D_5004>375.00</D_5004>
				</C_C516>
			</S_MOA>
		</G_SG52>
		<G_SG52>
			<S_TAX>
				<D_5283>7</D_5283>
				<C_C241>
					<D_5153>VAT</D_5153>
				</C_C241>
				<C_C243>
					<D_5278>12</D_5278>
				</C_C243>
				<D_5305>S</D_5305>
			</S_TAX>
			<S_MOA>
				<C_C516>
					<D_5025>125</D_5025>
					<D_5004>2500.00</D_5004>
				</C_C516>
			</S_MOA>
			<S_MOA>
				<C_C516>
					<D_5025>124</D_5025>
					<D_5004>300.00</D_5004>
				</C_C516>
			</S_MOA>
		</G_SG52>
		<G_SG52>
			<S_TAX>
				<D_5283>7</D_5283>
				<C_C241>
					<D_5153>OTH</D_5153>
				</C_C241>
				<C_C243>
					<D_5278>12</D_5278>
				</C_C243>
			</S_TAX>
			<S_MOA>
				<C_C516>
					<D_5025>125</D_5025>
					<D_5004>2500.00</D_5004>
				</C_C516>
			</S_MOA>
			<S_MOA>
				<C_C516>
					<D_5025>124</D_5025>
					<D_5004>300.00</D_5004>
				</C_C516>
			</S_MOA>
		</G_SG52>
	</M_INVOIC>
</Invoice>